pH,Dissolved_Oxygen,Salinity,Secchi_Depth,Water_Depth,Water_Temp,Air_Temp,WQI_Category
6.685430534813131,7.2834554261777065,6.479652509351688,2.8358680331129813,5.972407990982213,30.687973052657576,31.81757485522245,Excellent
9.278214378844623,5.824867297097083,18.966533158242534,2.6563184493337895,5.692597182367996,29.11319486636794,34.91703492978431,Medium
8.293972738151323,3.78574854657695,30.55310425567429,0.6153892961289607,18.218837029899696,24.33822378638933,21.261697469812475,Medium
7.693963178886665,8.324155177362538,25.62787102433464,2.0356152243177035,5.741377797140616,33.90117859029833,30.621852490174973,Excellent
5.702083881990964,7.162580552984913,28.22964017515074,2.2108802845363567,6.167044796443989,15.01186288821007,29.293649578593715,Medium
5.701975341512912,2.463552454104022,23.057417834875107,2.294702514036052,15.42856698594131,12.731605257740535,35.820759419706775,Medium
5.261376254756898,9.198344660444583,24.229679758124835,3.1107756615229953,9.54505700656026,31.349049173885554,37.65217651203152,Medium
8.897792655987208,8.402835186308522,29.721847804786176,2.901211460270953,15.757500582148444,20.978745415843708,15.30391928693467,Poor
7.70501755284444,9.548199219627316,8.738380310071507,3.235572917570501,2.2419569937233197,31.174221355176513,31.850497976469818,Excellent
8.186326600082204,7.531475575495239,17.129873727509917,3.9419746769395774,10.263852679794303,32.32725512988537,16.295894977993225,Excellent
5.092630224331111,6.520736763422109,7.742330463686078,4.158435824222421,1.6386584034823701,11.561439840476787,28.721466626933896,Medium
9.364594334728974,4.76418732661557,34.568380279882646,3.731553843019225,2.190410865651736,32.086619074651516,22.190818226091956,Medium
8.745991883601897,9.39455635018612,33.04207688903146,4.799856631797206,18.22231161354381,21.207976384235554,22.669414988053532,Poor
5.955525998052242,8.794575005503674,1.3799383978977064,0.5820466220436273,3.645662051234308,22.760812225105806,23.823962586308916,Medium
5.818212352431953,1.4069680309557047,24.695131038049098,1.3810009355759574,11.115992963229125,25.664812777330255,30.532311226240253,Medium
5.825320294340452,1.2373027704752682,32.3836911095483,0.5340329374016395,8.810816449413425,33.15956516825217,23.35124914171923,Medium
6.3690900933179195,4.388170301902447,6.320137079456673,3.4136362136957135,7.5995231989180105,10.477902360744102,33.317476264757005,Medium
7.361403942345071,8.294979977036496,19.878083069342033,4.541137470274941,18.096833568058177,21.921086707945427,25.11318463934674,Excellent
6.943752583889521,9.8854851638345,32.04209041558146,1.5956703345933467,1.4146445387343005,27.193051060764017,16.708830007748965,Poor
6.310531130891189,2.3537520199317536,1.1881092505029596,4.67165545158338,13.612004037336193,28.067673942455713,34.59399606210268,Poor
7.753338026250708,6.347176438169216,24.409709353639396,0.7712032563030238,19.30449425005746,27.3133107884277,22.14395811481765,Good
5.627722372934189,4.428017709679194,10.407215258039276,4.704962120624814,11.643195485774998,13.360878235203046,25.819171989981566,Medium
6.314650918408482,9.72922958033143,32.35386683817856,2.082302092578355,18.799626778628745,17.48488970929203,32.13609708054754,Poor
6.648628294821613,8.579070308221379,33.987038580787875,0.9563937280214743,1.9928997064344516,18.967888135425337,23.3114039287178,Poor
7.052314928976662,8.54495834240024,33.04932711897019,2.6864229163384654,8.957073062409066,30.110930191987624,16.41464140366789,Poor
8.533291826268561,5.218238438154732,16.597497583011233,1.6554945547422857,5.942998028278972,16.968996810363826,24.348026175320342,Good
5.8985320197126185,4.733375521038987,30.17149278462597,1.7819280588286528,14.885598334633865,15.267624096680079,38.611214567357585,Medium
7.314054972861252,3.4606636473763563,29.559228948727462,1.8828048421682895,19.644644719447687,33.936200475952404,31.043359932463954,Medium
7.665865559879191,1.507379469858344,11.168516563513947,4.113616540246985,5.874071186440708,10.221582127836722,31.786978716680174,Poor
5.20902685723999,8.782501386295479,29.012041595273708,2.926225745038645,13.429317428007415,34.94552139204946,30.807053840940995,Medium
7.733951833556473,8.316109082170698,1.2952672150422417,1.9008846462020164,4.763855022435062,26.92053247143489,19.97480347398592,Excellent
5.767358556592812,9.997459059575176,20.869445746871857,3.2465020248991325,11.741274836860589,30.711732486227927,25.458346602557004,Medium
5.292732168433758,9.969731533665149,8.050309305069607,3.722678034004371,9.814717247078388,17.365484908654828,33.77349495908295,Medium
9.269984917639999,5.998885350423647,4.219841002204758,1.726808003300902,19.468101262999205,10.3578819416765,17.53432243882898,Medium
9.345344148835517,7.9208867366245945,2.6933620570223207,2.3609709568640818,12.562018181232865,28.446737964038252,21.946319402242807,Medium
8.637788066524076,9.502891568941852,24.370107155734893,1.048487420016264,7.640621069649557,30.853614925016895,21.90797771164634,Poor
6.370761961280168,8.646826516096702,11.895623731882315,1.3151720729060614,3.1678199128707343,28.51190329883798,25.80047318986265,Poor
5.4395245130287275,3.226132915688779,25.36683700350665,3.5650303428424226,3.8736897459637567,13.571257182520965,39.50921852355462,Medium
8.079048619304706,5.054897217790842,2.287471927962983,1.3164725646303213,5.281021669073467,28.835698056424228,16.68756366709555,Good
6.980686221828206,2.162434736363455,11.035161824071361,2.8632352265017706,5.768366565465662,29.223069552691026,27.967524859514874,Poor
5.549172056801504,9.586459245328502,18.8821952331368,3.690708177750947,17.161705098981617,26.46351289175137,19.48411705030526,Medium
7.228296095500716,6.455571710057921,27.675310769363723,0.9809461539263473,11.663232977367974,29.152898319889655,39.266913635243604,Good
5.154748345018483,3.0577852495311646,11.156337602622447,3.052904988330066,10.944427316112963,31.148035991943303,17.832587618186604,Medium
9.09194180935452,7.045306159652711,21.90619817529532,1.654532526656137,3.180608565515132,25.34010285593646,25.09002505903978,Medium
6.164509917200077,6.5631541641210625,31.00922118826655,4.8331709385691095,17.342654173639264,12.215117849241977,33.447124620865154,Good
7.9813502795929185,4.223464462295564,21.55521158638066,2.6759554102396614,14.73347176096119,22.190695241680274,32.61386070068613,Medium
6.402699842402349,2.022018329796661,8.153581616377181,4.126966473988212,2.28569887610003,11.941233366790126,25.56821592234831,Poor
7.340306095300148,7.044158760335196,0.8540273544788307,2.976019439703178,14.448866847365604,20.18857577581077,23.663104198817955,Excellent
7.460196257044759,5.68276930813414,30.453460586532547,0.6953563978466862,11.327226129510276,20.17766222814069,24.940309463821762,Good
5.831845049864872,7.950865525620754,0.7444293797635498,3.3491811901731006,2.5527815691887867,11.650246103506039,21.606906578965983,Medium
9.363130824940512,5.68147151000794,30.61455854394698,4.781315039929956,9.707712189044473,18.72051334923698,20.133323467669996,Medium
8.488097705125016,8.669633502866862,18.51279969095242,3.2072531906584905,10.209229455470892,12.774952469782871,27.07599243897225,Excellent
9.227745237038851,5.9671615489703695,32.86736944795137,4.186349867420556,4.149716263102239,30.205880250230553,21.713343901690184,Medium
9.02672307692442,6.0484417438184765,27.95741325207829,4.4789290850678345,18.968264793005364,33.69220064911177,22.186541622431253,Medium
7.690549904649883,8.889882423925105,34.927693868666815,1.5263589737701961,17.14953205813258,11.807911881448465,31.418901586863928,Poor
9.148434057604025,4.631345795911574,12.274913540809855,1.45420177958702,13.711424409253057,33.877880182292536,39.21343329249731,Medium
5.398216259233638,2.2061370560557667,26.85159011258944,3.249414449829463,9.783615659011536,23.06441498341863,30.090930013984377,Medium
5.881922880886154,1.2590440868200508,14.067581976323476,2.349628114130171,8.823545290105661,17.489141948846846,16.924486676624156,Medium
5.203522800097422,7.796235301062571,16.79564671063681,4.279375862900242,13.36849587586813,11.921551881904088,16.889590346351675,Medium
6.463986488434689,6.582785962181182,21.96269121264295,4.55010405529105,11.363205518731204,22.515606701760447,38.78558052113915,Good
6.749047803602669,7.336717912893012,30.578698996521858,2.0903962068622315,2.1831890117558266,29.862888612268716,22.43226975768334,Poor
6.221070642982531,2.9166774535801965,34.44292142197533,1.5659175153851692,10.737550326636303,27.677161931667452,17.301674652061884,Poor
8.729318791183683,2.2273432802809277,26.889569485258136,4.012364818597378,16.32166872742395,11.255650286599344,29.976114678759537,Poor
6.605389970121152,1.1309019910109375,14.621837375856682,1.7366271599666123,9.725557674342204,11.822545884197588,30.591219457256653,Poor
6.264205293593213,4.155288029259372,14.747495079697456,4.201764433311553,1.9871749735310997,20.071832065815926,31.212620502967205,Medium
7.442132374212118,6.309259181691698,25.815380555611203,2.4068221414194326,15.93928578829663,17.382262351198584,21.68505069643853,Good
5.634159012386432,4.530196405897591,8.357200101890582,3.5039745468116172,4.825911860583513,15.809608076401195,15.377767105361876,Medium
8.609886413393179,4.937274298213562,3.866593959598813,0.9299089122560068,5.913795862872737,17.02511247271784,39.125384236361796,Medium
5.335477896558968,9.137428250443735,12.411775517427179,3.3073669610445786,4.129420715213622,30.087068582422116,21.272326142277564,Medium
9.440991214702327,4.134299203209704,10.053364707892861,2.532954554317531,7.274086232558453,33.230701340796344,31.900657201313688,Medium
8.475101461834958,5.625905402438297,10.370784215959652,3.1397380842896334,15.378278608084065,20.12756736318916,32.66574674696774,Good
5.894220566903776,8.052877114670288,8.176271286746848,1.2560639348518854,10.86833133057481,32.652775053312425,30.250185426987144,Medium
5.024849527056211,4.568885040891431,1.473261637272666,3.8159318522488195,4.8927442088635384,18.03739253119705,22.822684855341205,Medium
8.669576428046753,6.598780302050861,0.6255877156694833,4.382586848944529,17.678771484888777,21.91092465859479,21.777406344101642,Good
8.180858047314278,8.761273378720706,34.570283640761104,1.4753291004084903,17.712055244079053,15.650724945399993,29.941707067567577,Poor
8.280532256184443,9.54568561291878,14.972059680755182,0.9307154998407278,17.54099007587413,26.0119010543961,36.652390840292284,Excellent
8.470716560086757,2.323661328361341,13.451432650588858,0.6063736372085138,5.537128016249246,34.47452787937022,38.66834322308489,Poor
5.333200932803407,9.339288626453449,23.787654894257443,3.388871751994697,9.573547539438774,25.087327401084465,17.64764511009394,Medium
6.613095778449226,5.429046637715844,7.638886075277246,3.2319231623995135,19.714803466676628,18.945352102838722,18.870715314942995,Good
5.521410767863084,3.324199494690625,33.248641438257884,2.960138357213315,15.668237049889816,26.19543614976321,38.618406469576996,Medium
8.883965416440171,5.132221806144352,27.522075504544322,1.5437619325218894,1.5161810032856367,13.07301696163469,33.413380708369814,Good
7.804841570724011,9.820293177569294,3.129385080929083,2.259076981574816,2.238887233949349,32.21647700663497,37.07484562074433,Excellent
6.489041111836921,5.4335628459358265,14.615327152472492,3.175143508337779,9.814696159434323,22.577098769495908,20.06581585338358,Good
5.286012576287106,3.958764492587574,30.769140764675765,2.7354508648662623,18.275183911369645,21.23374355099105,29.689646777735046,Medium
6.39942044772048,6.700607688850532,33.06562078019936,4.945034840966993,11.23533416110157,24.64661971133798,32.52848986043684,Good
6.463324949120362,3.1613105690037377,16.359052893745442,1.113978886505299,10.458437652651515,25.619596569735062,32.002797136174316,Medium
8.283227802521289,1.6827699529779752,21.46939862237477,3.628150493214172,3.0040002991759813,11.794395155662826,25.203792271667453,Poor
7.869008621098459,2.159917497195843,5.846188113222633,2.3194344564693146,13.478821989761586,27.06543053058506,15.384872292282711,Poor
8.99245734159347,2.152412550619952,34.69090191479418,2.4268982671652664,16.619960051404284,16.04829200788824,29.573151420106576,Poor
7.124967163228772,2.3671242416106493,8.10850954842052,3.729189945461793,8.227980142643684,27.848815812664746,21.32753847949022,Poor
5.538174106722358,2.2494445538446914,32.995612094729395,3.6159626809596634,15.736625167581222,30.56336985960492,26.25635615357226,Medium
8.209601542503478,6.767872703228932,22.737632714732896,4.960651971659847,19.32505642411542,30.098962688813007,38.939525377095435,Good
8.423532718776038,2.6369207595923037,21.27078782076007,1.0777743025435635,4.871562723426093,23.812524185197226,24.975882941060867,Poor
7.525747389062733,4.111005549914768,17.9440978855778,0.9684934222287485,10.943262992700085,23.00424730776878,35.995040166610664,Medium
8.469352309795525,9.071095689154106,8.073443410121554,3.759524677079335,6.455621203606936,13.571899033485293,19.71351514373128,Excellent
7.222080183639759,5.265654762365851,6.178481120192789,3.1027411265288407,16.064233961642948,29.38365376007839,31.81151245062572,Good
7.3522977322189735,7.008019646689244,7.717017317456137,1.7337229995191263,11.974273951741992,16.785234511167857,39.42517386097359,Excellent
6.923934582613473,2.5508788408146685,6.5253391750489085,0.8573871604504397,13.057065933455771,22.417385570448666,17.54732752182342,Poor
5.114386070348428,2.730601169278037,27.285456574836367,0.8854621231839375,16.160369032701986,17.106852323187915,15.2079985556798,Medium
5.48551142146987,1.3678175463983098,12.254384070835552,4.523858935988533,8.523438980586644,13.345709074992328,25.83956981581536,Medium
5.141431335590304,2.520415567649481,2.024493679718873,1.363402961234343,18.386711299733822,25.738942422293412,17.31563707628418,Medium
7.863846850687011,3.5073130512876274,33.918592054928396,1.9551720295198434,11.12754847767666,11.358300870572595,33.70960874190578,Medium
6.41460191484347,2.5930943584907213,30.9325059737199,1.519953810021446,4.001141633871612,28.716130853155,37.863716596213976,Poor
7.288568110241163,1.7983228038135004,32.471329911832456,2.097483376243718,14.222083245207246,17.939669881527916,25.85052431771897,Poor
9.084049132667419,2.085722839905407,34.82177379262524,0.8124072923574202,16.07196565832683,10.003367325112134,21.467791053886025,Medium
6.1218150311699375,5.147008912294532,6.086333722682055,2.835769059087217,7.018471864283007,22.778228480930743,25.860082975165245,Good
6.846723153660333,2.8570034656521326,13.868470661593056,0.8042565361649671,17.286405882976307,11.171297713190079,33.086195446250024,Poor
8.399980123443719,4.278428749432679,26.538346649643195,4.101604285200628,18.21672184054956,16.904238945522486,15.226354039509275,Medium
6.029591744712301,5.530755437693712,24.36072163188273,1.5517043685969485,6.26118526017837,27.674412186392903,29.73634973711743,Good
5.346409594229568,7.213553457664288,5.386356721894927,2.930053615720298,19.68690798158922,11.567240540546646,30.332292122184477,Medium
6.303881538111956,1.3538092585698904,28.554159374671624,4.460355894026562,3.67351903292641,30.98346230890006,30.942206172398386,Poor
5.72549579264302,8.194693590181384,7.855420014283123,3.4289481607123737,4.83829769964731,10.095498066464577,21.05055199952193,Medium
9.18363943554158,6.6511035054181695,7.833616518791808,2.898310039481009,4.500271945522496,16.170596730047556,32.85131808445317,Medium
8.636541708039877,1.7358312875398472,18.794104801269476,1.9595018890191902,17.985804490149537,28.522601403801787,17.28478715829441,Poor
7.850316904296905,8.862207616960994,20.75289771945961,1.9985086087618906,13.431558494174276,17.90675374323267,19.98175841167002,Excellent
8.92157265584473,9.287851604786319,20.30301727432339,3.5126912983918555,3.8899813812231847,12.547309701650338,36.93675116636204,Poor
8.616524346046015,1.5497016386937736,3.2020393089214205,4.973627125495254,9.366144948998631,19.0058479700107,33.46807876816416,Poor
5.839565264987161,3.4918988333248335,30.71113019206331,3.4782763543222037,12.690662476326239,16.75983215961314,15.34363885028363,Medium
9.0165154932049,8.255811518137552,9.296001490604713,3.0100253781651123,2.5858176147982825,31.06779755401387,21.209406509245007,Medium
7.427040088620428,7.734337213452926,4.533022244898146,3.7879272960766075,17.765910999739436,17.83369793962858,20.360162074829113,Excellent
8.633480698238282,2.6606891742073957,31.106182795414203,2.5934252552767316,16.26846717338917,29.723311794400182,21.770158200924314,Poor
9.032410849655719,2.8841439100303927,33.44780243804137,0.7706405417035335,10.598928697956126,32.29680362026836,21.188994256997162,Medium
6.431015637373387,4.334248925122438,30.17446660429077,3.0303356714505942,19.37540568992424,20.84543548941324,16.563157393571142,Medium
5.495233660374545,5.360706866719192,28.333062615370732,4.809313780274211,8.937458606226894,32.7485785963598,26.47351291492051,Medium
6.025708231438737,6.564292943772664,22.93346932236576,1.2888632406094684,19.69809606169346,19.432951349079822,33.31833686965413,Good
6.921985048818153,4.320222756127952,19.280007971319876,3.6050220086929956,13.690479977268915,34.10196041225271,30.16829311793591,Medium
8.681066446651219,5.162812445198331,3.0445365968993547,1.4042015989657541,13.058754191824887,12.232238113139324,31.821791714951996,Good
8.873287624653546,7.727238443203809,14.295862457474454,2.9112245801288656,4.153143010619915,27.175481662581067,17.02872946340598,Poor
5.031284587390358,1.330148826015381,13.04409809543099,0.9350440234102383,17.756627407788237,22.34535101142322,38.78726775441968,Medium
7.2983628615990455,3.2719324990961867,9.091382431611418,2.526669213161833,9.122304070491687,19.691220136391177,35.96229584607562,Medium
6.878349514169505,7.420146272960972,25.319703979100474,3.9027349800286073,4.082434709867108,25.817796968715022,35.12725796239157,Excellent
5.999485147118286,9.056861539184794,17.355650727756977,2.0640718590754195,1.2395428795394219,27.59642729085828,35.57459512604419,Medium
5.539394153001573,5.6050969790409955,2.8366175567676777,3.492102760192481,11.635357989129268,10.109081741257727,38.31776270331903,Medium
6.519268271316326,5.789021367387841,7.706412068243397,4.079524823553781,11.020592820330851,14.173827218679968,28.60634915284244,Good
9.243093667606336,1.9645481020579845,23.914056728085857,4.672300187657537,14.667718825014013,27.826151265857966,20.00705044669065,Medium
6.454413194093398,5.026711301411092,2.6645800821605063,1.555889368349541,17.91490300733824,26.65963533945516,30.41959019631353,Good
7.3345577978451475,5.793555398095209,29.792241991706906,2.2969216211418866,2.508725108217561,34.15118762821693,33.572037341698476,Good
8.1635853150283,3.1822345327125667,17.330128445489102,1.1858720599868784,14.898433316466885,29.025944756269574,33.44793483385064,Medium
6.636333210706823,3.4231890785444286,16.82053020643268,4.966175759712688,4.560826937854062,33.769317693283455,28.036225604172003,Medium
9.373019372244322,4.395557467941604,20.734272463083116,4.671504355659329,17.305364009986114,27.563512538370173,16.711467983339453,Medium
9.331012827239501,1.1806407799995373,28.86383380738022,2.9298070862625183,16.562206763371464,17.45130521598608,24.277823460753197,Medium
6.133020331214139,3.8987124902486046,12.173322276576757,4.2891498246938955,11.275081344725344,12.634123056271411,38.01916521158393,Medium
7.237618276515734,2.9030320629689017,23.730565339567224,2.8443108977241898,14.494613173842918,29.54559658362339,29.61122274393565,Poor
6.353952394175463,3.9474761696012317,19.800618739852688,3.306135596012419,6.97265215049122,26.1037305368979,28.458298581392835,Medium
6.281782224698604,2.077859186373261,9.345989455929747,0.9010599445220748,9.952190079723477,11.204650309832406,21.721337859554836,Poor
5.165991263095398,9.014745526659055,30.75204952243053,3.898716892235636,16.61110105649896,19.00126164752446,24.211222997914472,Medium
7.743039502909536,6.342332081986438,27.909910756242482,1.0747106763585568,9.726038746291064,33.91999538710715,37.383652228829234,Good
7.262055604529877,7.111920872300407,23.045814213044892,4.217304336136378,7.798167041183394,22.51002864275503,31.661576188170894,Excellent
5.231654380624952,8.102541147466045,29.770360518298467,4.019126394516737,10.390036497755698,20.818228400492615,34.684675668808325,Medium
6.253909089064751,5.485979790361515,30.355297033593082,3.689351139843394,16.73673579630715,21.44249012898235,26.358635576691377,Good
9.08719648684994,1.7822825927868133,24.792704185026217,0.6627217123614295,7.368952900046581,15.222068100129093,30.75618048640395,Medium
6.078028508001376,5.83395887636693,29.295466492728522,1.8640776017539786,4.3014702695791325,19.21767927161988,21.20959021858019,Good
5.652026924410504,6.281570062187912,24.411501158424926,1.684006564598793,14.528266386284834,19.245331399679415,32.636520757087155,Medium
7.202537421249033,7.70895526765897,23.804927011610513,2.120613833621836,16.693586041453557,11.30887550468681,25.690033342583433,Excellent
9.435427043497704,4.884935916067114,21.65139823753145,0.8943923604372734,2.912112091947133,29.189190712947955,26.063637870368638,Medium
6.089248721801752,2.148222725160074,26.345082384517443,4.716310203639782,5.55760814236295,20.412610797596976,31.233058114422043,Poor
8.024609963326453,3.55398315218852,5.55117868525758,2.9921100832056933,3.697467805458884,30.55449717041058,38.407015536723165,Medium
8.427288268979229,4.267740667587716,30.830476571962496,1.874859397961106,7.610886820061166,31.258700027997385,16.600158665215524,Medium
6.069368947965799,6.8132551719844106,30.51452347108312,2.2864168268342753,9.55666859920284,15.299851367466452,35.61858093367519,Good
8.276973568753368,6.137004742020207,1.0236549062095701,2.5124114322717603,15.227700402302823,26.433837054253214,22.309577760304826,Good
6.655024097236639,4.204870533080616,28.903586269766695,3.202674500122778,13.371804112751809,21.807045104074543,26.097986362659448,Medium
7.845376237671108,9.878637239136816,4.510445361570582,2.8205574246342398,12.797642782090191,32.003918448037126,15.547833219375224,Excellent
7.850883698424026,6.451973374211985,11.729159899069966,4.637263879464878,7.695123985583434,15.393516979411352,22.526151945857826,Good
7.410986078336413,3.1350411256239505,26.02278897020627,2.736335673076236,16.987503508610438,26.945330007751107,27.565781065753264,Medium
5.406303965244837,1.9160422535836337,5.626596361690787,4.964711066704907,9.954456180565126,25.193803056318064,16.404401933685975,Medium
8.75886123015157,2.375732252658988,28.628845844167177,4.331412309852931,19.602993822287935,17.382536939295818,27.27739323457913,Poor
6.443510292372811,3.213619555460573,29.124696228520968,1.4382973146080111,13.048700627619,13.415022591279316,38.17776572146069,Medium
5.839333296799344,2.446132359336001,17.761370681629266,4.687678465897623,3.399030089725552,26.290994011931915,17.63483045269513,Medium
5.183488136996438,2.679103216461752,0.2235055100891753,1.0236487904846423,13.847373679433247,28.46493645330827,34.11101820188761,Medium
7.659018244347088,3.565856518244624,10.046334661121946,4.178523688210362,7.176976293202281,17.89068359408375,25.241776334399816,Medium
8.04903962829027,2.560362357652793,21.592442143150976,2.2128048206446103,14.040216737035852,26.120815100557845,31.37934286310845,Poor
5.074645230175353,9.070888821637826,34.34151623095982,4.450884442002813,2.323181815085709,19.87827269028758,21.505914949630736,Medium
7.3044187623467645,1.7221037109547799,22.11347344558339,4.406255105483527,4.322747306343228,27.83017208206544,18.987306563533956,Poor
6.019230988390721,5.720602506132292,9.093125337245592,4.126664300529296,17.25900791920994,14.980381872351327,19.01156535678066,Good
7.903277556842524,4.693571442906954,22.1901996084864,4.055136963381776,5.316411583446783,32.25537506590436,16.762298641078615,Medium
5.7846489305224615,9.841407552177458,18.89948829005494,1.8710561259411835,16.90378137961586,17.185239911639492,19.641167622531075,Medium
8.109219821461096,2.008350119512471,27.294588830290024,0.8641367737306348,6.306245680633798,19.194649693903823,31.605484624724205,Poor
6.740309058352418,4.580700391411675,3.744322358943544,2.3134108044432264,13.214756291115446,11.452298802008745,37.042265296087706,Medium
9.215284949315304,9.72523389947832,26.63597658757098,1.280860317439289,14.188860896686789,12.78780530803191,35.353142139779045,Medium
5.61884424865697,8.789564133045822,18.94433025366386,3.627279900061078,10.740440309756005,22.896547567808202,32.12835774686211,Medium
6.534798579726163,8.353648638543518,33.70472013506481,2.057448769420035,6.800902857237895,16.689816918199288,17.760796585277568,Poor
5.510630845582651,3.3211254434044584,11.965525811354013,4.890245903869617,5.040243151050826,30.88700564355486,22.229686157398746,Medium
9.161121282253532,2.5379882865105925,22.141766259688183,3.384374348053994,1.6305977366860982,10.367334716373847,22.745171883061722,Medium
8.948027090214413,7.017788979319879,32.620983692850615,4.201162536354625,6.774981623573752,19.477351216798404,21.24892365994053,Poor
6.1607373247182,9.364383902148273,3.587840479673774,1.096361027338318,13.410093020094378,18.433638669227317,27.875141492743076,Poor
7.969928207153806,6.010866037125368,32.80299705327579,4.379065170226801,18.82779155052117,10.483190772940025,28.388845371991813,Good
8.67749990090547,6.144514205229099,24.07600028052847,4.652407357310275,17.55288516299799,13.109209975012757,23.922149379277755,Good
7.498403652197581,3.5198118429425573,2.3742970686810168,2.6917786346852117,15.555230754170749,20.341066872965882,23.844728968410898,Medium
7.38342760260203,7.925436398727432,10.533724843138568,3.2281382198793986,15.980499521812675,22.321614611186163,35.713889947652035,Excellent
6.088335309052033,2.6833937370177106,24.786023102584856,3.9416441040634793,13.63471316604391,20.107243681371727,34.73232120799214,Poor
5.418962455126547,3.913113127638193,2.357271051407009,1.2867738226718566,5.945450293754057,23.273441960302346,22.69489579201864,Medium
9.03747091078997,4.828927947547751,20.375966106169564,2.761547344085491,18.236705583410767,24.878291872642038,37.84471109683148,Medium
9.051881257234987,5.568493408160095,12.105906993353486,2.293983624975409,13.743913926210848,10.24809552819589,38.82037542506265,Medium
7.848956557729705,3.181687591735722,21.7320431218617,1.158682964730121,11.648371988628359,21.602378986337598,23.16856355075102,Medium
6.525634059719153,2.033531422652832,1.6009711834379496,2.1539049003118915,3.1087999150561405,34.087481022189706,23.86062371982637,Poor
6.5714430857569734,6.495580381974693,30.50378821533317,0.8067753922347211,9.494055332322084,22.975807003238717,27.64085383554897,Good
8.266800554916077,3.597674979162302,34.07211392120889,0.6161535812726915,9.746807152836599,26.93855668647383,38.52802031334184,Medium
9.036996169786597,6.231143992803511,33.9107249349992,1.1082483011967024,17.42670858093073,17.79659644792208,36.907985828557784,Medium
8.991888909193028,2.389264437467821,26.237814111002365,4.834018002151282,11.386316183567981,29.349784453819062,17.564199064589744,Poor
8.509439956359307,5.330260916693358,4.553018404572119,2.9728829115275763,8.227610430437784,29.323037046902876,24.818268581785404,Good
7.889142407694295,5.793304892964272,26.53921185751579,4.84619972518949,19.559206241702526,23.032401191353472,28.834279743744297,Good
5.37862984247772,1.4664118314018422,0.8605420760580529,2.446240452485594,3.1036912731999977,34.40034558198034,27.578311813788503,Medium
5.727329213425762,4.029438503745285,0.7743243035149039,1.903172598883668,9.028420137926947,13.138755369066335,19.846576698422318,Medium
9.043493848371856,2.209732092450768,11.326357670233943,2.7776383827810984,1.7984688282567005,10.423691622239526,36.47041927920387,Medium
7.728930768468155,1.5703747342549097,17.102511664163302,2.4778025988480956,15.058178294571677,29.2539552939274,31.923519574920935,Poor
5.041386732274834,9.909642091509507,26.964259623272763,0.9754910791778476,18.44345449178386,30.178888434122065,35.94770937129509,Medium
5.4566219428971445,3.9011846047725065,23.915338181227682,3.383718416105928,6.3207092614592995,13.005180728014405,36.46910698373681,Medium
7.985757960986251,8.288870012691714,15.606594723186191,1.4721718212931982,17.308491859183295,16.63957082396515,33.708896341643495,Excellent
5.022777127307984,3.2917658928738747,9.576933319858306,3.288145797040233,6.552146378776057,10.438809084165722,25.980265031242933,Medium
5.723636231378744,7.133524500015364,34.89935750551989,3.42590491579169,18.304633071234388,17.332715269514118,30.263668875385612,Medium
7.469302052149637,7.842050739007179,14.916345578259053,1.1841118390789165,15.325276168338895,29.328546847966788,19.00913515299358,Excellent
8.11352838961712,6.360748665470599,15.798545851538641,0.7760733219980067,16.293228759987336,22.949013192814473,31.841135436872694,Good
7.9338256677617025,5.244185696951425,5.726833741708422,4.013427137307979,1.3421245564086355,18.702389829207203,19.48133139348202,Good
6.0092118925725195,4.706568227325417,27.818334206247528,2.569101906961941,19.293396784406493,19.293482372658257,32.34873976275392,Medium
8.204806496063911,4.139814398886958,24.278877902352104,0.761737079774641,14.806748849336142,10.033840642886704,20.739954018849218,Medium
6.067620893735601,9.365762298230432,7.726936447606613,4.9768984272639525,6.790270812336533,17.495013189130898,17.938782503755498,Poor
6.464298641716705,8.475574670089562,2.8833365965544946,0.7600125244836499,16.758498632318094,26.161468540948263,19.132112253573936,Poor
8.359211323031108,9.685242195998613,23.81747557261496,3.6276585298634894,6.348902769883669,34.35486109540893,15.049803380476757,Excellent
7.923348045712466,2.1186750113699024,22.907892499839733,4.926555163685361,17.58232295175643,31.176520674597487,32.96849044633825,Poor
8.8215053472238,7.577807276832798,9.564083444937326,1.5763104689716654,3.1390274178268034,10.589874116138228,33.31002622645948,Poor
7.959258015351545,9.44506411138934,33.28022467876436,1.1401221590923827,14.370033571755119,32.46401511687098,27.873333747831488,Poor
7.557388715009623,2.6310975954909415,5.287026212331508,1.04623222740093,11.273271056253297,29.57996033246565,19.03407002638459,Poor
5.421536455226416,1.5984664063009975,15.131718036491067,1.86473816405418,2.8341549337133753,29.50940308927451,17.088858437767243,Medium
6.654721113767451,7.670085843610531,33.02655720586596,0.9547061495479101,5.595982736917941,21.44989397508929,15.478224160932175,Poor
6.1934106545677645,6.170258018619207,14.69045609241428,3.6147260376235937,1.235676689268981,19.95013232386257,19.14370442413052,Good
6.0979533952058755,8.576458990824449,22.348408168242994,0.7803130915852821,9.90659134382561,17.572893220829815,37.27138837457866,Poor
9.378547496386005,2.2579513896366055,13.9158039286978,2.792399576674054,6.724039954440007,11.642371473859145,21.038421042542044,Medium
6.768939761000421,8.15740580673901,9.59753208220345,4.985135842338396,12.368792201657417,15.705884087342477,23.85678318043039,Excellent
9.01420949829701,2.8146458804297008,34.43921767859399,4.162866212777084,6.647518346463727,16.165090874450616,17.63363711203333,Medium
7.840123816987683,2.4729034857913406,14.326690221026507,3.268487472039549,6.698463118632709,22.10192674275504,20.559032618704258,Poor
8.576650865937417,2.4783921813789362,31.293472128769704,1.8781412935397526,15.120670775900464,28.68611016491735,27.98061426950513,Poor
7.2618669189733644,8.33117248208244,8.048411206188016,3.3075312633123732,1.9147138835887154,21.845245709948664,30.193817077391316,Excellent
7.596067480818617,6.986774986265801,7.458664640877916,2.8716865876024324,18.155004908647758,11.446111236179014,21.133807854155275,Good
7.216329622184888,5.707588822922074,1.0896929009578975,2.4173752275066716,17.19301361343245,33.9447450247051,16.44330398062793,Good
5.8785934450912,4.229474357111522,22.808338888155976,1.0881966953308977,13.688288981301724,33.56810797735281,24.775821728184965,Medium
8.251034518676775,8.894804867317974,12.89842203033164,4.4897189685821,12.271209832040302,29.62973857871021,20.855084273158354,Excellent
6.2634756309838515,4.532005966803719,30.252538744387298,2.524030919695951,17.953747464653393,34.783197539105515,20.48884808074505,Medium
5.109421848941542,8.349394955244193,16.5623467342045,1.3758013031934428,4.521273411045574,23.612058320006575,38.99657006783638,Medium
7.904625331582255,4.952214177131966,33.88676997701526,2.154917078947803,2.5004140816257436,34.069208756330156,30.407512148143102,Medium
5.79699805733172,4.392499864824169,6.4933930496092405,2.3635838863801717,5.550693228281224,11.890126015418769,28.9219610793024,Medium
9.232063629588115,5.164118071026458,30.401810878446376,4.223920530050934,16.096987295303613,19.142018706534284,25.394377588083046,Medium
9.292678596511642,3.7124008674772786,27.18088984771096,3.8012647125263093,1.6587350678031831,15.634531700169145,25.723608335753607,Medium
9.116889755992018,7.72848442158626,26.982264562541822,3.961872021386029,12.073329866586302,14.895827103356751,28.522625095952023,Medium
6.6657141511494995,5.5244835108323125,29.567412984091067,0.5496406899289125,19.913312807634888,13.520073722316901,32.410745175902676,Good
5.069554774379903,3.0899142563213555,26.63583968300496,2.372692991808927,17.25822578291325,25.560341039149918,32.55365240454574,Medium
9.177433531644764,9.096171159471115,21.917711257099537,2.6660486823589564,10.9074680918282,29.533046393682625,19.29234769263624,Medium
6.926828667427914,4.455020992358903,4.593570718883565,0.5863652457037551,2.2091772764462045,24.45745998550902,27.502818801915673,Medium
9.349946685696512,5.891975750025898,1.138416282193817,1.6691594393526539,16.796096773328486,13.674067739705242,25.29895237585255,Medium
9.336289896901638,9.158248998680923,32.22967467354904,3.9213042040496076,12.380591655367,30.27809424833677,36.76317415673461,Medium
8.83854254960312,6.618141963225929,21.58276100822583,1.1169936757804957,3.1837269441317697,25.898867679093215,30.78547303045941,Good
6.325020014313136,2.0520823663752767,27.878805184166172,2.9088955915366626,2.7832884116437677,19.704142653174888,28.312601660399544,Poor
6.732939778708664,9.458489112521276,16.853282302939252,1.4684084240775688,18.282909569295256,26.853257388401573,17.884866054472933,Excellent
8.830115021825856,6.6493724776427605,4.105786613683807,0.5545434858975198,13.71480499582349,16.497624481070822,30.140947233085285,Good
6.42614902320325,4.014150531913775,4.3815027270892655,1.5854065591979367,16.756449187018355,18.629805212355265,17.930097642005837,Medium
5.762717360087416,2.2534486539704854,23.994785053014,4.891431897095242,17.70059910536308,32.937146078299754,23.4301643891438,Medium
7.505605681062576,8.146226703432664,15.060706321481195,4.106917003473454,11.863674688918122,17.26261264178551,18.571049120358296,Excellent
9.212696483723514,6.580654803356621,7.018365434511785,4.818094899444651,10.831480683345784,21.749706703948416,32.301841175609226,Medium
8.132134085037379,5.801149827786894,17.20580913595029,2.695343197668631,9.178120796098813,32.25352843490037,20.156302845903816,Good
7.565275265402143,9.045033247458619,2.247312797629693,0.9938128940487658,7.021985168031266,27.693033756688187,24.79648432970065,Excellent
5.437294221968458,8.097374901020777,20.36899906700396,2.9658177003816184,9.257323256315523,11.55508065411757,37.39186944046946,Medium
7.767532520146264,2.365073917594761,9.414769155228418,2.544698005519824,15.703713458872972,13.682576106974258,20.10790958497426,Poor
9.455242325469186,3.805498610159934,27.914568522301586,4.299606872328272,12.4365451892875,10.19603976929792,27.69512659896948,Medium
5.630378068564358,3.236402258330192,10.862668562325082,0.9413716135291006,17.957942509142075,25.773044755729085,25.48179152915055,Medium
7.332483435636815,7.695516633154092,15.932705217863042,2.697085116598002,9.424220273204567,21.19183563526046,15.453101026143244,Excellent
8.9481788236758,1.3017919126220145,0.40671889678352224,1.1752189911229292,12.534701995656327,13.356871272556887,34.81895283932032,Poor
8.33345877989392,6.129007163841849,2.5356410728095606,1.9610416710052698,12.994843508747785,33.94835302641926,16.726147657864992,Good
8.136570834478706,7.862128171666215,13.737274474233969,3.8181068482450984,12.242246083820184,23.241493098640497,26.85637552442384,Excellent
8.161178377941992,8.890890730855745,16.797859215099322,2.642081582159449,14.35004168862481,16.04733235282223,29.016957373473748,Excellent
6.617710180488898,4.078735738443167,21.00071918417563,2.191497283155962,5.511235899121319,22.51508927886769,30.710661415364676,Medium
6.32116329919022,8.391315742048116,10.208190254825613,2.275143253565159,10.734911773370023,26.990508318377696,32.21579073269689,Poor
8.64212519965331,1.995685632596865,24.32436601442899,2.56751045782694,2.9802712533586058,11.905980449339111,21.331809588067877,Poor
8.645510276056314,8.618070625610663,30.10428390162216,4.0325744472667555,8.305715225251438,16.8675953761973,15.249469416461235,Poor
8.901825433610467,2.147397960987842,27.294784611267243,4.514381100231055,10.265674303804024,30.17413727209984,33.086091558872795,Poor
9.10958248650412,4.575585615043305,1.3866588871925,4.799006089267677,13.392260931363976,21.49162176006653,28.391414983689465,Medium
7.30104079487422,8.175658292015981,16.81774315402401,4.041065238148828,19.060089999137865,23.664428550807372,35.90294258018122,Excellent
7.256823326092398,2.349256846138964,3.6725562446361204,1.9193310308660574,12.412370264418762,20.820400055236732,35.53470907251736,Poor
8.592328305350488,3.0632625570937733,8.471575555188462,3.5966061773894396,15.128284407354636,11.097498566075128,36.08315419469708,Medium
7.924837688499943,7.500273115537596,34.533190764350124,2.4692140582492637,10.619055130408853,14.1437444955039,27.127366499488502,Poor
8.158850947659666,7.480328828914669,4.987344001552963,1.6460177992072302,13.047976596150296,21.13854096854727,23.34070989592164,Excellent
8.581067012462455,6.770328695967676,17.461085370797463,4.283922107416652,2.347712106541695,15.229636635198196,34.78895506478425,Good
9.005024038179048,7.2455360002039,21.635450701134168,0.6729185703304625,5.833440035995093,11.249475716491968,26.282352825731373,Medium
6.520978205831911,5.884519990128366,24.58627396904364,4.557928964609406,7.875208770897635,31.091241601295593,19.586054910085863,Good
6.690123286879748,3.266191530162575,19.587703922041992,2.5766485908113035,9.977373745123758,34.5298132291029,36.37435048903686,Medium
5.422918729283911,4.111263941535275,0.34197965967142807,3.3674066456372618,1.867326164545291,29.828571849918486,37.06399691930868,Medium
7.602260634482783,2.634379451212831,11.426145788539715,3.4670926499260224,3.660457853513036,31.344623042616675,26.657743903504254,Poor
5.161740232085339,9.176055052002654,18.1199075184649,4.5280298331794135,6.25947184803481,16.049428257926134,16.892493182744687,Medium
7.09519108159607,6.250526152895084,3.0753274700691673,3.365013569752433,19.459121127119964,34.01567438782999,24.69565224792328,Good
7.441900856184095,4.607662750872759,12.271942592321327,3.262701131420278,7.295593134957964,14.92314261133571,35.08844148656509,Medium
6.28943563457728,5.1580522327971945,1.1621088076978299,0.7999341825231048,10.158780104129567,33.78574525904581,37.54435071365572,Good
7.658749672560548,9.525550056506338,2.7502474004257262,2.8328360987534182,4.725856542029466,34.87048234914877,20.086818562439895,Excellent
5.137251124725722,2.380162628044722,13.892314667055862,1.1757605036766874,12.604821350439597,27.793070143651217,16.674340300631787,Medium
5.168066849371465,6.276068488151175,4.6450513915071125,3.8184519592466852,6.332981094803512,34.52859329479555,36.93376132832097,Medium
8.701702522968462,5.5529981099601935,19.863929689154535,2.804998643657035,4.932858990330109,24.23849448917759,24.735123474471884,Good
6.620857886350683,6.503088118911831,24.1312739198043,3.56102500643759,10.814879940473602,16.48854457940226,28.54402410668908,Good
5.5717723069334815,1.1629916543875645,28.0205344688179,0.6875280527107293,1.1046101840479956,20.92489714164052,39.20164530126897,Medium
7.350094670246619,8.849115180497364,7.005258548568353,0.8815640722061144,1.1456166203352813,24.839023384469648,16.664118197855572,Excellent
8.46497098894375,9.38906454235251,5.861890379067441,3.7234552462820703,5.162307372935298,11.827039050675374,31.20795018630239,Excellent
5.971194623735794,6.086198652302881,3.659874411704009,0.8243795119940301,1.6977058875156017,25.55858161543115,16.852635564371678,Medium
7.8030071411855015,7.26985741489203,22.275058734027283,0.8206552749436637,3.0524893284831363,34.529445919057366,24.38672321166251,Excellent
5.384063592471956,9.302494430595662,24.72665042704154,0.5544881385569935,7.43835233743628,14.75269124459319,35.09536362983617,Medium
5.232567745258734,7.3651477088205874,1.1055150688974713,4.80425629234766,16.249127912016444,29.81487790720958,25.83680581889086,Medium
7.391095842056666,2.3728513862283522,32.767428618529145,3.818787617565531,11.868924224016716,32.697469844490485,39.92955884757376,Poor
7.43285804724548,6.186595241501319,1.8189949278015343,2.089631338259289,10.740686793171912,33.59253982050552,28.976482123665054,Good
7.86843455674193,6.460435417445703,18.945371735537467,1.8344101157944486,6.576287640954311,34.00339011013618,23.029053815898838,Good
8.267411001751977,4.817176041721474,24.817118180782074,2.073664533856323,18.703320669223512,23.036490968036798,20.50278314761883,Medium
9.391334357581407,7.627998120622506,30.483919331112997,3.985940890315318,8.543285783506642,34.432697699787596,23.763013357154044,Medium
7.323351567355379,9.409303132921133,24.993042624634974,3.476167749816865,2.6547625691196584,28.93275517836097,24.31333184398877,Excellent
6.453304128235606,9.330116616160987,28.060482907442715,1.3333800554036057,12.724263806238223,14.041785905924048,16.717841943099025,Poor
8.578337876459166,5.057554342637189,11.880756738998212,1.2834920090033797,3.1629294760554267,21.922502661699248,24.23935498566933,Good
6.218745130679334,2.019142412566797,28.518878981127926,0.9427804237102879,7.55923971323215,27.9582793843001,26.605962993480624,Poor
6.9753713931753625,9.863570790661012,2.80401962346363,3.4713622386560217,10.640826835638368,16.183507895477085,33.06844380597012,Excellent
5.353053716040197,8.550082778013408,31.318582962118466,3.9396769799978117,17.61022796901834,26.015379588722183,31.4182371180402,Medium
5.114078345369559,2.1219641308294017,19.165733165380768,1.692708927462518,10.377385026462255,26.66501197616548,32.71914138072886,Medium
9.331917866050663,9.28757694355635,28.60542194868728,0.5942523246391076,14.34291655460162,14.067493595214147,15.209092046921427,Medium
8.761910542304927,8.829067258559155,15.831139958140504,0.869772503643923,19.863519940982336,24.12713281131891,20.4416849895134,Poor
8.13188392742164,5.669542514134649,22.525219331878375,4.855370156802637,3.498293278061651,29.290672774465193,31.542107209996413,Good
6.840288249864214,6.321478921704363,18.42409313276396,1.829501498648391,6.219898984870871,22.47239161339855,27.09973420449368,Good
5.779824440318806,4.591024334831173,25.605633261436616,3.9615041652716014,8.496945436355283,10.302577919402685,15.13283689170865,Medium
5.703966692019887,1.492854749398282,2.857049371070635,3.310986059844187,9.014735392237796,10.225961726982305,35.11236606079556,Medium
6.126093041740679,4.016775174813109,2.112322939669733,2.2187283784380316,8.809400430045368,18.925733599250304,34.32023933225844,Medium
7.4715199911775425,8.225681037382103,8.648613190355125,1.425592679879998,18.244609048574542,33.154851710794546,28.710479074839064,Excellent
8.21568165215028,1.0416882070414257,5.584063803961592,1.046238881717329,14.566620244870272,15.71691949009022,16.6615831444068,Poor
7.97088819522979,4.001492545220298,30.51242483072706,3.2675583561749,12.550199067723371,25.859092221792178,34.16287623831462,Medium
6.259702536256743,4.58351824231849,7.672489557531551,3.985852012870046,6.878081639392859,15.551896767333014,29.5928396932841,Medium
9.296893762984373,5.836560426441306,34.155283953669596,3.397569140935088,16.652017300204598,18.041749741488715,34.548999428948974,Medium
8.320536125130959,9.278700547714845,11.79135271198874,2.8863595996212124,19.14614971821479,31.2010522400371,33.79367480989601,Excellent
7.494593236301303,4.1171139492936515,6.374127049104475,0.6887805054423632,16.602767368454302,28.221536056748672,35.07505179894593,Medium
7.752743358054586,4.122578817066049,27.63944774998677,4.858199499174727,1.0297369986379852,12.384981932830266,27.95020166011562,Medium
6.888200280925055,7.637511232987736,23.054772142530663,4.094213862445585,13.091626033484733,20.71755052466084,18.508112954837873,Excellent
6.1147894527552085,5.069961468008264,17.436850075859866,1.8176991651543413,1.9715722473999138,10.729244091131612,31.778936834492217,Good
6.601877053930677,3.021443406459838,19.437724282817094,4.909866482114828,5.894537186340715,22.022253665075226,30.511844626299265,Medium
8.410307497089661,5.07195564519424,25.172062239529236,3.2084671533634497,2.1309693066076623,26.560850292526702,33.55632967997718,Good
5.064770698833901,2.2677131834181985,7.9959159465954555,3.120901961932609,12.472113606038366,12.962565589953789,19.24702515126838,Medium
5.522326882281123,2.58748287855601,34.871687061985966,3.8663293074328946,14.04520835635953,17.22212347272914,19.87437999750723,Medium
5.207011889097887,5.4853099546553175,34.11776067513741,4.152964046405619,3.1752651232521973,19.945915637553924,37.260237930483214,Medium
5.183279610435366,4.770329045540931,22.76139902214279,3.4541537329917618,8.29293877785461,32.98827561640124,33.74944496130177,Medium
8.849572628049533,9.2336131096129,6.9839857825200795,1.0764308586479001,9.668493670155298,34.831375385574106,37.70571221750807,Poor
8.166460367210107,4.261545092049698,23.807988485095198,2.0222037769752426,8.012007413457415,11.122782474890396,33.96788302909802,Medium
7.1337822308929635,6.225295152502391,2.5269443142711543,4.6763763814672235,3.2994750092186678,29.0251980873848,29.928882649757547,Good
5.440253722929507,6.690378591275773,1.0728375772032122,1.5107702532973337,8.960008013562032,19.293101660058582,31.35331842569684,Medium
7.212271438025746,1.1178501092950026,9.01890109789248,2.17475160726881,15.272382908359944,19.811454655737002,37.22819809850024,Poor
7.1306229685125455,6.971836348150395,16.191803485876072,2.4443459732488817,2.349145626131854,28.85662433367557,29.470168862798513,Good
5.779408414595069,2.6023237018277627,30.38953768929332,2.477322453625035,2.5234202675561654,32.96066080363522,30.809783108209686,Medium
6.952332421570879,9.649632857225097,25.45091744182078,3.2582281212253648,7.7406545448837,33.773214862563705,18.911917900090014,Excellent
6.79327130478818,2.3379645497780164,25.994728241999336,4.743841269851184,18.892788520759577,24.42806465095802,26.848030502902567,Poor
7.771325441234974,4.731617113543214,14.892266705682637,1.5831172032462724,13.702880287735367,18.928028982512572,32.909927798952474,Medium
7.8579214289043975,1.7681470127077947,12.107724739143702,1.0467561933541312,13.894729176778732,29.688727146469482,21.773567457909135,Poor
5.2038680439742,9.971868266613527,12.986356704461095,1.388617204369718,7.876479825919434,16.275034581557506,20.056354513113373,Medium
6.685756765819121,5.519755092981184,34.56773473076203,4.491162050941712,12.27955503296223,24.101850720837945,22.84567020561039,Good
7.816369620714063,6.358465155880394,1.4038216994368868,3.406148656948427,1.1924924965271242,18.96446153812183,21.037515699820837,Good
7.264113163610395,1.6036882964958474,30.3461023642857,1.7865805515762205,13.085824881781303,26.415776842696904,20.372815925909897,Poor
8.85420428534745,7.7496442335926,20.253639300033768,4.171761225358777,18.3524520039485,16.009972822337673,25.621271071702175,Poor
7.964121342285253,2.889150337860272,15.351539671635667,4.376164983635462,12.638895898551564,14.789823643370644,37.69596284708835,Poor
5.733204921866434,9.082488604966423,25.384018114529777,4.309314524106251,17.600273275860555,32.95597716688593,27.676491168467955,Medium
5.3175593633019345,2.8462567643380643,17.0334129498646,4.635169401377995,14.755488053855782,12.545092073738422,19.698009520383074,Medium
7.89088675192842,2.716189485972999,30.569813332858118,1.635084590780127,3.290609911670115,22.64894769337329,16.92429173452185,Poor
5.119300897437298,1.328947010632854,31.524565240394047,3.8976886793582524,18.146612838430993,15.521319574075223,32.403903628448134,Medium
7.635990115730585,5.248602505989993,14.76023244057094,2.57242773773363,2.2624330427597226,10.973249083141686,24.569969110909696,Good
9.23103608641231,6.083570199363548,9.688972903226805,4.288993488005277,11.145381978407512,10.90047045728566,35.545773664633984,Medium
7.589633800441455,1.5913777548551713,20.732261500767677,3.7782080472272592,3.7006053520756956,14.380544302645683,31.487769216019256,Poor
6.746764667929348,7.9797485502550956,31.932717096584184,3.9940135092487608,1.2224256038871772,31.669258862650008,34.90603626353421,Poor
7.89479698299059,5.079599512732249,7.3731766151983305,3.4527282695648216,9.018650942425142,17.06196859942567,21.79865098546122,Good
7.062138007211825,5.7195124239482205,21.803830424721898,1.298429462613681,6.6057734454289685,33.761479264382395,32.30897306152645,Good
7.455275551921707,4.966864722444053,22.10460770323822,2.9526211350362224,10.234009382154458,24.54055732472984,21.601549617342968,Medium
9.236591639494364,4.606867547877934,25.658955784534836,4.931013827860287,11.966797847956466,20.91535474421915,38.476711986257286,Medium
6.737461870103484,6.036762981773961,4.604868979454093,4.718246299237035,1.83104237387,24.502220866736366,30.90935703833436,Good
9.325357537207614,2.3971622133764123,25.0538737638731,0.6942818110865525,3.337062607351167,22.917459630656694,23.11279500438355,Medium
9.074077888802286,2.63735317445744,31.816138223297436,1.241666670782467,11.614205532558081,28.96940634393313,21.737796557306815,Medium
5.881060106551834,8.756070589121656,6.288908810458469,1.0927794805455286,7.520179710280506,17.062401649321306,19.773164626791086,Medium
5.3121258539382445,9.515039159202695,8.314016372335718,3.76690959493383,14.854296263439512,18.826259790007562,32.3660239723432,Medium
5.45350100619842,4.359783846517777,33.998828291457386,4.180033984356253,13.393541323246854,32.35235756333127,20.467890324948183,Medium
5.081998215431974,3.436702058291984,6.334193344832142,1.4608011483980237,17.06648289680823,33.661412828760135,29.882581648187227,Medium
5.424993323401678,6.795995889151142,29.90347826793527,2.7763371182832306,14.15736370671528,32.313955687161865,21.615875673133935,Medium
8.073530480373606,4.678607539882868,17.22972497568122,4.2831636260504,9.168690470412814,20.48619984893284,31.549223619846714,Medium
5.320348918071031,1.2284772009431038,8.653087604111196,3.7976069514481274,13.786365825494215,29.50913757517204,35.373493213513484,Medium
6.435390336321926,2.4053733762957132,30.476246544537897,2.9400674247133174,6.232242310852952,21.90839333252747,34.450631078616325,Poor
8.801938899362545,7.443750059626578,15.585683925093292,3.156564607064478,6.819956476786041,22.438496303652556,34.021283273269546,Poor
5.104723710811216,6.930315477191362,18.018607387539156,2.78762246112326,15.990718038495073,15.117002726432098,19.6930601423063,Medium
8.66510817165021,1.2438639325313514,12.573167928991799,1.8389680309346925,9.481970811630061,24.77825758146291,17.209623674612967,Poor
6.2683464864803,2.997749457396545,20.75327980022246,3.0425989678655725,16.169226469848695,14.653397443833699,32.473720712184644,Poor
5.531741724297453,3.0796731692926427,5.723335540475797,3.599983859225408,16.62602509969729,18.289117476679845,24.208680344858784,Medium
8.135317244138678,7.047034692388555,13.687853782811624,4.429953121373634,17.293684415564393,31.37575504049838,25.80865566008368,Excellent
7.830242810509478,1.1773948397892773,33.92943128173506,3.363311092906616,18.41606948098294,15.17689523027138,15.778727319834777,Poor
8.948624060871738,1.9369772378611647,9.034670144539463,3.925046916694211,9.188719189752629,11.77895712933582,21.48941123187623,Poor
8.307819697117486,8.199244768358703,22.985783258945226,1.2203223572955784,7.0584695481016375,11.725189815320407,15.8419100968616,Excellent
8.615664186731818,2.6069019584890025,11.38165224786432,2.5770086348890544,12.061776185288164,33.51961301257769,36.979644315031194,Poor
6.2691555765708795,6.874714970666872,27.071559399031024,0.5419922892219198,8.052276045314924,22.673010949045867,21.084917080463264,Good
5.798477947008752,3.1436450294205387,4.580578125142244,1.6100548903473035,12.420409169204426,20.235301795425457,28.9334292393252,Medium
8.377766382383863,1.8949725348341064,33.943736577749064,3.7690777180085218,14.406131390232668,30.271964525197962,15.97448301652826,Poor
8.630756326702688,3.1885497189950867,15.882633948427374,4.963144781072136,14.079695351350601,30.8956481977629,31.67118478264145,Medium
9.45727313900303,7.500402386700932,8.261766217126238,0.9463014481424716,8.116504853382306,18.304775827890115,23.075683643852347,Medium
6.85677954610142,8.701268212956572,2.572386156550443,2.3067244213757974,4.170343832276304,27.34045143684488,37.447979673941646,Excellent
6.674081386067524,8.471978781102925,5.9415266780639255,4.1003193591462175,9.180057430781943,29.278070396297164,37.2029547233509,Excellent
8.493858323338985,4.5746517665660935,18.192088199460617,1.4181603558300448,3.7092887375562658,26.366267171648865,23.132265459043694,Medium
6.533615931138581,7.012766229135815,11.79511117509502,2.997882271860288,17.91184366849236,13.789876870002484,37.5240223922617,Excellent
9.18840796521604,2.844858658742389,29.01091780589133,3.7988208321335364,7.571671754019291,31.897077087926426,39.903941837469475,Medium
8.862857383293553,3.6383295723491194,15.081063328163207,3.2719345261708055,3.934735197243152,23.477363818400217,35.6353916030987,Medium
6.930473123187582,9.067022366690077,8.704999540567046,1.3461113057693725,1.4835074382092666,17.061810659250092,36.12178369388073,Excellent
8.378919805061738,1.1170173115966242,21.60007453114105,2.0992305590858273,13.270625339443201,20.630704635942347,21.225218402727247,Poor
8.395442933381071,1.7695767776902127,24.737202590990602,4.027063030184287,13.101144031640121,10.939277259972684,29.417559971443907,Poor
5.464057409761697,2.870976296314246,5.846466776533245,2.994019313594075,7.471479165044542,13.196670030560439,16.681397849184197,Medium
9.06148808005805,1.2387898348643773,5.866672570091119,0.5235332609431074,2.362525888105369,29.138668762896522,17.372948420541743,Medium
7.273635676015357,2.632918915808176,1.2834999426740041,3.924458420126422,8.782949003009408,10.000290868884154,39.972315300832264,Poor
8.719058597484837,6.247374048727229,25.774070527297418,0.6589010972310758,6.913132406204478,20.414145712057305,23.165981235647774,Good
6.440223204637753,4.792820955332481,23.23315846676318,3.8558020222905447,13.865292154965179,23.06275452713971,33.704597801221155,Medium
9.029854528232903,9.034045399692774,16.612080651243485,1.4111625207435683,12.509805739601116,11.365860500024308,35.16662632567041,Medium
6.751407554303734,8.356992055645968,29.5459657139219,4.811330660537211,7.92728083575326,34.32695407430832,36.45058177518073,Excellent
5.048769431661342,4.076356165280884,28.198455353251862,2.15573338085938,5.139958530844812,15.653133281241798,39.94070743505391,Medium
9.074218893886687,3.3348109008816325,20.487402753886325,1.971192273521356,19.772683356956247,17.60496799090702,21.037412131421696,Medium
5.410790045537601,4.417231673505402,30.389494817964053,1.169996226496001,9.626030802726183,17.598562806375682,16.008770671492492,Medium
6.436911369156867,6.31265448263327,7.204442351286889,1.875218969705967,14.077210479824505,15.760416552933748,25.279787949864648,Good
9.275278851728622,3.4125727674058863,3.9171866789204755,4.444928428226902,3.6705063839888545,10.036845552157786,18.252016745723672,Medium
9.277732161219003,6.617340170642207,9.441236403094637,4.983504519322613,10.226204293528559,28.233619852199908,15.560647229051378,Medium
7.5804704965547876,4.684704869721164,1.9980399631260197,2.1573928872808175,1.5231976775198444,34.17113749498213,24.010670678537153,Medium
7.843267454764097,5.968424627667822,18.59093348003612,2.5187478392954414,10.60364724029855,15.607337082126126,34.593456276880914,Good
7.018004848902439,4.92513876221785,32.78119923032365,3.749319221912317,19.316330735236345,26.57617979508556,29.15451728062677,Medium
6.319448472641291,3.650191835877259,1.3770239233978376,4.487881012092835,8.299927546730204,28.547408173967877,22.819449730258853,Medium
6.478990454164622,9.53607976265941,4.273846990350938,3.1686995038405286,1.7409242389233202,31.210634477263117,31.35855013731799,Poor
8.026333052346672,7.872452147437848,15.826965989920234,2.261865641800232,1.5881600274675272,20.56572992534023,20.800454507720268,Excellent
8.38568538246956,2.261018581898073,32.685625613476674,2.356798283818807,8.37174843899052,17.573272641010732,15.359536151802125,Poor
8.562105696766318,8.816211783081215,11.065463674186267,3.630281659235631,4.040473792800687,18.132378350575777,34.10883466091069,Poor
8.553281642575492,5.386880784245623,17.753218304093735,0.5144821862192541,1.4436898302355323,27.81553332746282,30.593577121600227,Good
5.410427463719107,9.050970042046822,1.4550500667637234,3.288152018569283,15.36805866505336,30.4194866626409,34.057565612524,Medium
7.2248913711616165,8.198697303525837,5.192012033673111,2.099718546986108,9.711937168755924,14.540349193915066,15.973450417191641,Excellent
5.259014420074899,4.8269215402231005,34.53205430355964,4.073887990746879,6.495650667480436,19.273525203944132,35.927990695766304,Medium
7.47287997045681,1.2022237748810567,33.77915437526159,0.9184578792040947,18.101580477313135,32.54850491872875,30.488155000907582,Poor
6.9868872561801965,3.4180962344645147,0.17289933270433655,3.1469102012677572,3.2066402438099866,30.16733799236848,29.084883767816002,Medium
8.994668822412349,5.874707931947802,33.313412489813366,2.6643780044875567,19.162457750151066,34.6214600690619,30.615351202863287,Good
6.579117556484354,6.701303978435325,22.369197823542514,3.3904648665735233,6.965367630169704,28.856206492052017,36.6108311717091,Good
5.526801573924226,3.3209891688988207,30.377140308200772,0.7918411751733576,17.879669773864943,19.829880025698056,29.673412663972677,Medium
5.643462569237761,2.254204666655417,15.915894947185068,3.1099270434265907,12.455914653109769,24.765945849865943,29.523759497204484,Medium
8.426797842728625,8.514372131193692,18.04586100027376,3.026680645817857,16.707439835088262,26.525356356183007,39.76697892664414,Excellent
7.781981284923175,9.85961962633197,17.109630308992205,3.0229704248727693,19.69625010099882,11.961395407928098,33.9182541767142,Excellent
5.455052042552556,5.731211640724172,23.340249014113652,3.2156944996840466,6.479703318556169,23.612423977596627,26.057345136278382,Medium
5.378480627517488,2.5451135726347314,4.887793916470952,3.54410571751863,19.261574222744265,27.73302071181524,32.68492500082319,Medium
8.15436109156604,3.4507659386743206,1.0490756455437285,4.122450498563464,8.400156003145987,14.18303260002651,24.730761792294714,Medium
5.3274335286388705,1.1655160889272005,10.777547955691682,1.7141932405769644,8.324726190001524,29.515792935638927,20.721886562087477,Medium
8.698370266806602,9.228689259044492,24.663826695782635,4.212722345810279,7.467354980835609,24.594319512852792,29.921296922193985,Poor
8.178090022204232,2.05975974601127,7.064870824303193,2.742150570185541,11.286744539604118,33.80554464243987,38.20455245284879,Poor
5.366069512888549,6.188648279628282,23.570135166372104,0.8467622561044903,3.9287558203912547,11.060557455172292,38.22848800038657,Medium
5.381769713383363,3.466496986184854,33.94692161375446,0.7634791815979064,11.520518221802213,16.633153438886673,23.547631952637257,Medium
9.439878103255289,5.9876020226421405,3.2865250526296435,2.0040724341322735,11.292391435790076,25.038846982495603,28.191936655542374,Medium
6.684218580902542,6.862783495166778,23.54107413787942,4.032036397001604,15.47613443949253,17.413997805148266,20.29089746424653,Good
6.667889661801009,8.467676233364815,15.53125767565999,3.684564206334121,16.839349276814126,27.860604101781057,39.890777737472085,Excellent
8.657598052658761,2.8577914458454288,30.384978903212687,4.04876734102583,9.368385655936057,28.975132063048274,39.52794769669839,Poor
9.262618598227364,1.0989624579263242,6.200242630658507,2.827710753987242,6.744331737678381,12.562899101661861,31.237723242686183,Medium
9.43700478720292,2.2319706706192655,24.24190832791576,2.4808954907997074,5.927363049024795,22.846361605169193,35.11035149193684,Medium
8.390201833665238,9.100167776632945,29.33403513768386,1.1635363701782777,4.697852897392567,22.722263889776396,32.8775040320925,Excellent
6.693168134889121,8.865010698062637,33.061497681590815,1.976867391241902,2.095304061781473,19.23201925538853,29.828955475986703,Poor
5.37575322514401,6.376717919532775,23.913680990137603,2.4530871477824387,7.506511597859554,33.3231215642418,16.333699924722442,Medium
8.497161121673466,6.40465174390288,17.401116740294956,0.8987019335582775,6.134706150484882,30.68765799683053,26.369108563816525,Good
7.512819123811123,6.9853300709163,21.624653407042484,1.4927537872004506,19.36193033146174,27.43023454774092,31.869657554185263,Good
6.908999041611393,2.5783415076110465,30.411674456755136,3.1920138232868247,11.596467698750834,27.858165893374938,31.938290347092117,Poor
9.078594732926312,9.229707513324637,19.97134113235904,3.810484014076354,7.598263741579643,21.542903595327978,24.32806546055959,Medium
5.500388670377681,4.768934724028658,1.06354708938929,4.992563801268274,12.028884418880224,33.0248630274144,38.54229966645076,Medium
7.216812969308866,4.448246754245477,32.583204342744224,4.69900999104601,3.6447373255682147,27.364885681332133,19.183925805919525,Medium
5.051091401453386,5.670259347545538,24.13343628610464,3.391543397908362,9.436831234841856,28.22452654139541,27.508986155389017,Medium
7.108972888973568,1.4226937009754954,23.677968502203626,2.3956162398233243,12.898452107000212,31.54227259468363,32.27209941377057,Poor
5.253364740568268,2.4965503188047147,7.5486303339201015,3.362798141187047,10.289058804056577,16.851789733554774,32.428395147295234,Medium
5.534680623206324,7.642302547837334,23.060991458143,4.035432281361044,8.63379721243216,30.176772596667575,31.21597391922039,Medium
5.528868110496972,1.7451880113261382,13.785254197895547,1.032512859155243,19.883119389094265,14.881015073912302,21.882205336296504,Medium
7.921446359522286,6.428368985197494,22.79315419645222,2.344572003633297,17.725980480829612,18.633548806122196,18.90516421716555,Good
8.357201956694405,3.2081419871318886,3.730756060779675,4.279110285360277,12.844713205029363,18.390261356746066,30.89850817066777,Medium
7.6251594429372185,4.503660526377789,23.02458566110626,2.2272482836986978,11.818169862463373,34.463136709728516,29.982552903485946,Medium
9.329776468135439,3.598243630936299,34.979480401973326,3.0734252205223394,12.792549116667097,31.41343059369817,19.483900257231024,Medium
6.686917607856668,4.201054448184542,1.687421360119461,3.144962123879892,4.824930048626232,27.529246539756492,32.62847863926409,Medium
6.285704388268373,7.471413146658209,34.2010964477461,1.3301431391013772,8.507617122022054,28.176419040384754,26.37929979334141,Poor
8.908696076852571,3.6740954406085753,14.241778625300471,2.1300594874352976,1.749731124927087,24.051819860064278,31.694014790078825,Medium
6.006181273337537,6.097641762672074,30.47637076180407,2.005300799338695,10.035374712249707,33.67726667771298,35.93417699425377,Good
9.334501427482751,5.284453619791897,27.383491942039573,0.6178851883942915,11.3174670951956,22.40646882205904,19.24321071442308,Medium
5.054695136104174,6.973040488263833,19.845569134533374,0.6088629375110985,5.3272449859609825,19.512942746747363,15.478621699920916,Medium
9.364454720184376,9.431467653922821,25.845722323796426,4.2426366965409805,19.31654809614476,14.075883423289774,34.47756465989467,Medium
5.194219603777593,7.593148874892252,30.748044645547175,1.728818644877656,18.279637607807597,29.65514130652645,30.2424356288154,Medium
9.01014401164132,2.934463407316811,14.144911257786154,2.8313544480746695,14.720721473662211,28.361098301889786,32.49098924055304,Medium
7.374654990888349,1.2806482155515622,11.446160654713355,1.8442650811494787,11.134345946541888,19.608875963103372,35.953874374716065,Poor
9.468341582536851,3.360376398698426,23.365768494725465,4.733056603019032,17.529414033306015,10.629835348980734,35.07027337061251,Medium
5.332084541309295,6.355701376302293,28.27460796794405,1.6668354148959819,3.4823945326457952,30.974933192950267,39.023003673220614,Medium
7.492344279805943,1.462832321358253,26.679979717181553,2.433455657325208,16.019686091222816,10.285449586351842,28.398376971302955,Poor
9.361861410285945,5.467296224811127,27.923477710052207,4.427286127180708,3.3715954653701177,27.592494490726274,27.212390816497635,Medium
7.35394029876567,6.371585640252003,15.245416018452655,4.288701050563139,16.0900025884387,34.25642774315143,25.047179997268252,Good
7.832293871608681,4.008195017352648,28.624197566125755,1.337456380308248,6.239583796775782,20.941533203705085,18.842276071105115,Medium
8.130869100430777,7.938209833712397,4.207316937971296,4.111894894080697,17.66472103934559,15.874335124898819,29.31518082205056,Excellent
7.04543479145498,1.9593842782039461,19.057118428629735,2.561840990320517,18.93679978268256,27.621775251084543,21.92531310814947,Poor
7.824011360378286,1.6762400356222789,0.20155311743425497,2.6733599243840986,3.827123418697197,30.42820355038963,38.032687805324386,Poor
7.629414403653951,7.55369880583243,11.36050404650946,1.100659875871747,9.790836496242477,23.660757901946184,29.57977010692744,Excellent
9.05521104720945,5.459421845855786,12.826153720498926,0.8627068119070609,19.638760185091016,34.175881881403654,29.821004512702753,Medium
5.20450871153656,7.195621567849624,13.866044206323938,3.775726881381943,10.184741283489785,11.291718041449027,23.87311652192525,Medium
6.264334353165037,4.913446047433716,24.341352234145177,2.734075185598849,17.407402927776356,22.619889957613204,16.299733799442688,Medium
9.276851678344514,3.2176182991519613,13.599533544462101,2.465828161768308,12.185898920495077,27.96134868306375,15.793594134324715,Medium
9.006187027509124,8.371920859067798,15.704276791788573,3.7827870289357852,8.131268250472434,31.566011778729475,25.583378603829935,Medium
7.050455387535708,8.194742910720812,8.314044580601461,3.944808045459994,6.4298875549915335,14.481390297694752,17.114134452430946,Excellent
7.7905966901069155,7.252268237689841,13.063812707026903,1.215086754512091,4.861238730635658,30.000087044092034,30.17117388850348,Excellent
6.2482153234150974,3.449306235069664,7.954436954210301,3.246013172649386,15.474165636176247,23.817676892963632,37.02432514099144,Medium
5.846545218756926,6.312076001821784,2.5618573318955273,1.1090933702495849,8.34426962963753,19.91384204974908,37.07287041296806,Medium
7.086642822229919,4.248765072460241,21.120700768348225,3.8811878871307055,10.714233781814272,13.29287571447734,31.47613525330581,Medium
6.5900850261172375,1.8242386599397074,23.387447949425567,3.456298203202128,10.354184120022456,31.63239397272281,20.280795786823276,Poor
7.626452503328924,9.255822179160186,21.682162110336506,4.804765794875561,11.968301555429493,13.931830204492883,36.574920783971805,Excellent
5.3498058663424315,2.2313676782706526,16.222291533020034,0.8103110736038953,17.445965766866493,17.744696480227482,37.1523358828302,Medium
9.384776634497749,9.552136184387223,13.292502306273043,0.7567462451806444,19.63404752808516,17.251138299060923,19.916339623823966,Medium
9.437948350158212,5.014051956621602,30.21667773501388,1.7698418361194006,8.74409996290252,31.78535085477136,33.43565214426693,Medium
